"first_name,""last_name"",""email"""
"Modupe,""Abdullahi"",""modupe.abdullahi@gmail.com"""
"Monday,""Abdullahi"",""monday.abdullahi@gmail.com"""
"Adannaya,""Abiodun"",""adannaya.abiodun@outlook.com"""
"Emmanuel,""Abiodun"",""emmanuel.abiodun@gmail.com"""
"Simisola,""Abiodun"",""simisola.abiodun@gmail.com"""
"Victor,""Abiodun"",""victor.abiodun@gmail.com"""
"Nkechi,""Abioye"",""nkechi.abioye@gmail.com"""
"Nnamdi,""Abioye"",""nnamdi.abioye@gmail.com"""
"Simisola,""Abioye"",""simisola.abioye@gmail.com"""
"Victor,""Abioye"",""victor.abioye@gmail.com"""
"Bayo,""Abubakar"",""bayo.abubakar@yahoo.com"""
"Hadiza,""Abubakar"",""hadiza.abubakar@gmail.com"""
"Iniobong,""Abubakar"",""iniobong.abubakar@gmail.com"""
"Chidinma,""Acheampong"",""chidinma.acheampong@gmail.com"""
"Ikechukwu,""Adekunle"",""ikechukwu.adekunle@outlook.com"""
"Ngozi,""Adeola"",""ngozi.adeola@hotmail.com"""
"Temi,""Adeosun"",""temi.adeosun@gmail.com"""
"Chidi,""Adepoju"",""chidi.adepoju@gmail.com"""
"Josephine,""Adepoju"",""josephine.adepoju@gmail.com"""
"Faith,""Aderemi"",""faith.aderemi@gmail.com"""
"Chibundo,""Adesanya"",""chibundo.adesanya@gmail.com"""
"Jumoke,""Adesanya"",""jumoke.adesanya@gmail.com"""
"Peace,""Adesanya"",""peace.adesanya@gmail.com"""
"Precious,""Adesanya"",""precious.adesanya@gmail.com"""
"Chibundo,""Adesola"",""chibundo.adesola@yahoo.com"""
"Chinyere,""Adesola"",""chinyere.adesola@gmail.com"""
"Usman,""Adetunji"",""usman.adetunji@yahoo.com"""
"Abimbola,""Adewale"",""abimbola.adewale@gmail.com"""
"Bashir,""Adewale"",""bashir.adewale@gmail.com"""
"Chiamaka,""Adewale"",""chiamaka.adewale@gmail.com"""
"Agnes,""Adeyinka"",""agnes.adeyinka@gmail.com"""
"Temi,""Adeyinka"",""temi.adeyinka@gmail.com"""
"Kola,""Afolabi"",""kola.afolabi@hotmail.com"""
"Oluchi,""Afolabi"",""oluchi.afolabi@hotmail.com"""
"Stella,""Afolabi"",""stella.afolabi@gmail.com"""
"Chidi,""Agu"",""chidi.agu@outlook.com"""
"Ifeoma,""Agu"",""ifeoma.agu@gmail.com"""
"Joy,""Agu"",""joy.agu@icloud.com"""
"Sunday,""Agu"",""sunday.agu@live.com"""
"Aisha,""Agyemang"",""aisha.agyemang@yahoo.com"""
"Ibrahim,""Agyemang"",""ibrahim.agyemang@gmail.com"""
"Abubakar,""Akindele"",""abubakar.akindele@yahoo.com"""
"Favour,""Akindele"",""favour.akindele@icloud.com"""
"Olabisi,""Alabi"",""olabisi.alabi@gmail.com"""
"Temidayo,""Alabi"",""temidayo.alabi@gmail.com"""
"Temidayo,""Alabi"",""temidayo.alabi1@gmail.com"""
"Adamu,""Aliyu"",""adamu.aliyu@live.com"""
"Ayodeji,""Aliyu"",""ayodeji.aliyu@yahoo.com"""
"Sani,""Aliyu"",""sani.aliyu@hotmail.com"""
"James,""Amadi"",""james.amadi@gmail.com"""
"Modupe,""Amponsah"",""modupe.amponsah@gmail.com"""
"Bilkisu,""Aneke"",""bilkisu.aneke@yahoo.com"""
"Ifeoma,""Aneke"",""ifeoma.aneke@gmail.com"""
"Gbenga,""Asante"",""gbenga.asante@gmail.com"""
"Hadiza,""Asante"",""hadiza.asante@outlook.com"""
"Olabisi,""Asante"",""olabisi.asante@hotmail.com"""
"Oluchi,""Asante"",""oluchi.asante@gmail.com"""
"Segun,""Asante"",""segun.asante@hotmail.com"""
"Bassey,""Bello"",""bassey.bello@yahoo.com"""
"Lanre,""Bello"",""lanre.bello@gmail.com"""
"Segun,""Bello"",""segun.bello@icloud.com"""
"Ebele,""Boateng"",""ebele.boateng@gmail.com"""
"Daniel,""Danladi"",""daniel.danladi@live.com"""
"Obiora,""Danladi"",""obiora.danladi@outlook.com"""
"Chidi,""Danso"",""chidi.danso@gmail.com"""
"Ibrahim,""Danso"",""ibrahim.danso@gmail.com"""
"Ebele,""Dike"",""ebele.dike@gmail.com"""
"Gift,""Dike"",""gift.dike@gmail.com"""
"Joshua,""Dike"",""joshua.dike@yahoo.com"""
"Maryam,""Dike"",""maryam.dike@gmail.com"""
"Stella,""Dike"",""stella.dike@icloud.com"""
"Temidayo,""Dike"",""temidayo.dike@gmail.com"""
"Uche,""Dike"",""uche.dike@gmail.com"""
"Stella,""Dim"",""stella.dim@icloud.com"""
"Sunday,""Dim"",""sunday.dim@outlook.com"""
"Patricia,""Ekwueme"",""patricia.ekwueme@outlook.com"""
"Obinna,""Falola"",""obinna.falola@gmail.com"""
"Oluwakemi,""Falola"",""oluwakemi.falola@yahoo.com"""
"Daniel,""Fashola"",""daniel.fashola@live.com"""
"David,""Fashola"",""david.fashola@gmail.com"""
"Wale,""Fashola"",""wale.fashola@gmail.com"""
"Adamu,""Hassan"",""adamu.hassan@outlook.com"""
"Amina,""Hassan"",""amina.hassan@gmail.com"""
"Ayodeji,""Hassan"",""ayodeji.hassan@gmail.com"""
"Dele,""Hassan"",""dele.hassan@outlook.com"""
"Funke,""Ibrahim"",""funke.ibrahim@gmail.com"""
"Lanre,""Ibrahim"",""lanre.ibrahim@gmail.com"""
"Bilkisu,""Ihejirika"",""bilkisu.ihejirika@yahoo.com"""
"Adaeze,""Lawal"",""adaeze.lawal@gmail.com"""
"Gift,""Lawal"",""gift.lawal@yahoo.com"""
"Gift,""Magaji"",""gift.magaji@gmail.com"""
"Onyinye,""Magaji"",""onyinye.magaji@icloud.com"""
"Shehu,""Magaji"",""shehu.magaji@yahoo.com"""
"Sola,""Magaji"",""sola.magaji@outlook.com"""
"Adeyinka,""Martins"",""adeyinka.martins@yahoo.com"""
"Bayo,""Martins"",""bayo.martins@gmail.com"""
"Chukwuemeka,""Mbah"",""chukwuemeka.mbah@gmail.com"""
"Bashir,""Mensah"",""bashir.mensah@gmail.com"""
"Chukwudi,""Muhammad"",""chukwudi.muhammad@gmail.com"""
"Ike,""Muhammad"",""ike.muhammad@outlook.com"""
"Ikechukwu,""Musa"",""ikechukwu.musa@yahoo.com"""
"Dayo,""Nwachukwu"",""dayo.nwachukwu@outlook.com"""
"Tobi,""Nwachukwu"",""tobi.nwachukwu@yahoo.com"""
"Emmanuel,""Nweze"",""emmanuel.nweze@outlook.com"""
"Michael,""Nweze"",""michael.nweze@gmail.com"""
"Stella,""Nweze"",""stella.nweze@yahoo.com"""
"Femi,""Nwosu"",""femi.nwosu@outlook.com"""
"Josephine,""Nwosu"",""josephine.nwosu@yahoo.com"""
"Abubakar,""Obi"",""abubakar.obi@gmail.com"""
"Agnes,""Obiora"",""agnes.obiora@gmail.com"""
"Joshua,""Obiora"",""joshua.obiora@yahoo.com"""
"Ngozi,""Obiora"",""ngozi.obiora@yahoo.com"""
"Garba,""Ofor"",""garba.ofor@gmail.com"""
"Kemi,""Ogundimu"",""kemi.ogundimu@outlook.com"""
"Chiamaka,""Okafor"",""chiamaka.okafor@gmail.com"""
"Nnamdi,""Okafor"",""nnamdi.okafor@yahoo.com"""
"Ogochukwu,""Okeke"",""ogochukwu.okeke@hotmail.com"""
"Grace,""Okereke"",""grace.okereke@gmail.com"""
"Ike,""Okoro"",""ike.okoro@hotmail.com"""
"Lola,""Okoro"",""lola.okoro@live.com"""
"Ada,""Okpara"",""ada.okpara@icloud.com"""
"Hope,""Okpara"",""hope.okpara@yahoo.com"""
"Nneka,""Okpara"",""nneka.okpara@yahoo.com"""
"Chinwe,""Olatunde"",""chinwe.olatunde@gmail.com"""
"Precious,""Olatunde"",""precious.olatunde@gmail.com"""
"Uche,""Olatunde"",""uche.olatunde@yahoo.com"""
"Uloma,""Olatunde"",""uloma.olatunde@gmail.com"""
"Yusuf,""Olatunde"",""yusuf.olatunde@live.com"""
"Bassey,""Olusanya"",""bassey.olusanya@hotmail.com"""
"Jumoke,""Oluwole"",""jumoke.oluwole@icloud.com"""
"Lanre,""Oluwole"",""lanre.oluwole@outlook.com"""
"Nneka,""Oluwole"",""nneka.oluwole@gmail.com"""
"Chinwe,""Onuoha"",""chinwe.onuoha@gmail.com"""
"Hauwa,""Onyekachi"",""hauwa.onyekachi@outlook.com"""
"Kemi,""Onyekachi"",""kemi.onyekachi@gmail.com"""
"Folake,""Onyia"",""folake.onyia@live.com"""
"Joy,""Onyia"",""joy.onyia@gmail.com"""
"Monday,""Onyia"",""monday.onyia@gmail.com"""
"Olabisi,""Onyia"",""olabisi.onyia@gmail.com"""
"Rotimi,""Onyia"",""rotimi.onyia@gmail.com"""
"Babatunde,""Opoku"",""babatunde.opoku@gmail.com"""
"Bisi,""Orji"",""bisi.orji@outlook.com"""
"Olamide,""Orji"",""olamide.orji@gmail.com"""
"Peace,""Orji"",""peace.orji@gmail.com"""
"Edet,""Osei"",""edet.osei@gmail.com"""
"Mercy,""Osita"",""mercy.osita@gmail.com"""
"Chinedu,""Otieno"",""chinedu.otieno@outlook.com"""
"Obinna,""Otieno"",""obinna.otieno@gmail.com"""
"Bassey,""Owusu"",""bassey.owusu@outlook.com"""
"Garba,""Owusu"",""garba.owusu@icloud.com"""
"Ibrahim,""Owusu"",""ibrahim.owusu@yahoo.com"""
"Okechukwu,""Owusu"",""okechukwu.owusu@outlook.com"""
"Abimbola,""Rabiu"",""abimbola.rabiu@gmail.com"""
"Faith,""Rabiu"",""faith.rabiu@hotmail.com"""
"Obiora,""Rabiu"",""obiora.rabiu@gmail.com"""
"Adewunmi,""Shehu"",""adewunmi.shehu@outlook.com"""
"Joy,""Shehu"",""joy.shehu@gmail.com"""
"Mercy,""Shehu"",""mercy.shehu@icloud.com"""
"Olamide,""Sowemimo"",""olamide.sowemimo@outlook.com"""
"Temidayo,""Sowemimo"",""temidayo.sowemimo@gmail.com"""
"Tobi,""Sowemimo"",""tobi.sowemimo@yahoo.com"""
"Bassey,""Suleiman"",""bassey.suleiman@gmail.com"""
"Abubakar,""Sunmola"",""abubakar.sunmola@gmail.com"""
"Garba,""Sunmola"",""garba.sunmola@yahoo.com"""
"Ibrahim,""Sunmola"",""ibrahim.sunmola@yahoo.com"""
"Obinna,""Sunmola"",""obinna.sunmola@outlook.com"""
"Ibrahim,""Tanko"",""ibrahim.tanko@gmail.com"""
"Oluwaseun,""Tanko"",""oluwaseun.tanko@gmail.com"""
"Adewale,""Ugwu"",""adewale.ugwu@outlook.com"""
"Aisha,""Usman"",""aisha.usman@gmail.com"""
"Gbenga,""Usman"",""gbenga.usman@gmail.com"""
"Ronke,""Usman"",""ronke.usman@gmail.com"""
"Favour,""Uzor"",""favour.uzor@outlook.com"""
"Ikechukwu,""Uzor"",""ikechukwu.uzor@yahoo.com"""
"Yusuf,""Uzor"",""yusuf.uzor@gmail.com"""
